"氏名","氏名（ひらがな）","年齢","生年月日","性別","血液型","メールアドレス","電話番号","携帯電話番号","郵便番号","住所","会社名","クレジットカード","有効期限","マイナンバー"
"増田 美保","ますだ みほ",64,"1958年12月31日","女","B","masudamiho@example.ne.jp","0536-90-6717","070-2925-2024","481-9168","愛知県犬山市松本町1-4-4ドムール406","","373712168580925","08/24","358576272032"
"西山 晃","にしやま あきら",72,"1950年05月20日","男","AB","nishiyama520@example.co.jp","048-025-1036","080-1450-7192","369-4699","埼玉県さいたま市中央区新中里4-2-9","","4040235370763183","09/25","749469863205"
"横山 綾","よこやま あや",61,"1961年10月31日","女","AB","ayayokoyama@example.ne.jp","0466-12-2732","090-9554-3846","232-9908","神奈川県横浜市旭区若葉台4-1-6","","4895869749003057","06/27","135925652000"
"倉田 正悟","くらた しょうご",77,"1945年09月23日","男","B","shougokurata@example.jp","023-827-3556","050-9573-7070","990-7497","山形県米沢市春日4-3-7ギャラリーコート503","","3575454389077544","04/24","153995955351"
"澤田 博和","さわだ ひろかず",78,"1944年07月28日","その他・不明","A","hirokazu_sawada@example.co.jp","0569-19-7121","050-0169-4896","496-5929","愛知県名古屋市北区安井2-4-15グランミュゼ303","","3548246046282622","07/27","621700776209"
"村島 智子","むらしま ともこ",76,"1946年07月08日","女","O","tomokomurashima@example.jp","0465-33-3429","080-1689-8841","254-5196","神奈川県横浜市鶴見区矢向3-5-6","","4403393332073521","11/24","021023587898"
"中嶋 佳裕","なかじま よしひろ",74,"1948年11月15日","男","B","nakajima_yoshihiro@example.jp","0465-88-8493","090-0193-3951","219-7547","神奈川県川崎市幸区南加瀬1-2-8シンプルライフ216","","3582439095028676","08/26","178813082091"
"大久保 雅子","おおくぼ まさこ",73,"1949年03月22日","女","A","okubo_322@example.co.jp","03-1378-7777","090-7170-6211","150-1890","東京都東久留米市幸町3-2-5","","3554396857809590","12/23","518986599435"
"太田 大介","おおた だいすけ",43,"1979年05月01日","男","A","otadaisuke@example.ne.jp","052-362-3732","080-1790-5199","472-3851","愛知県名古屋市北区天道町3-1-1101","株式会社ベルウッド","5324411447517308","04/23","266568966210"
"青柳 みゆき","あおやぎ みゆき",46,"1976年01月28日","女","O","miyukiaoyagi@example.ne.jp","0564-76-7656","050-6604-9629","466-4747","愛知県碧南市久沓町2-4-10","株式会社ペガサス","4145374747793187","12/27","792010430511"
"小林 裕哉","こばやし ひろや",42,"1980年10月26日","男","O","kobayashihiroya@example.jp","0948-00-0116","080-2333-6387","808-5458","福岡県糟屋郡粕屋町甲仲原1-3-12","株式会社雅","373890175248841","02/23","127498655483"
"矢部 麻美","やべ あさみ",64,"1958年06月29日","女","A","yabe629@example.org","0165-25-5629","050-8696-7283","053-9228","北海道札幌市東区北三十七条東4-2-8ガーデンハウス401","","379364873897550","11/23","522537590854"
"奥田 純一","おくだ じゅんいち",62,"1960年07月22日","男","A","junichiokuda@example.net","03-0349-9422","070-5949-3093","165-1742","東京都練馬区田柄2-2-301","","4141123018258824","07/25","061507919455"
"伊藤 大地","いとう だいち",43,"1979年02月10日","男","A","daichi_ito@example.co.jp","03-3139-9087","070-8600-0548","106-7826","東京都江戸川区南葛西1-5-8","有限会社コンフォート","3547601756696570","11/27","876656576092"
"白坂 勝哉","しらさか かつや",68,"1954年02月22日","男","A","katsuya_shirasaka@example.net","0224-07-4539","090-3279-5800","987-6894","宮城県大崎市古川中里3-5-805","","4145009300826574","07/27","279497970967"
"淺野 潤子","あさの じゅんこ",28,"1994年08月18日","その他・不明","A","asanojunko@example.net","0791-76-1386","090-3326-5299","669-5436","兵庫県川西市清和台東1-1-10","株式会社タチバナ","5414700781377365","03/23","065993279042"
"山之内 将","やまのうち まさる",22,"2000年02月23日","男","A","yamanouchi_223@example.com","022-274-5760","090-0082-7102","980-1584","宮城県仙台市青葉区中央2-1-10","株式会社オレンジ","373887245515415","12/23","404077849240"
"竹森 勝","たけもり まさる",22,"2000年11月12日","男","AB","masaru_takemori@example.net","0220-20-7314","070-7212-7691","989-1127","宮城県仙台市若林区沖野2-1-9","有限会社新井商店","371710407565311","12/23","954800168906"
"高野 美由紀","たかの みゆき",44,"1978年11月25日","女","O","miyukitakano@example.jp","0248-02-5306","090-7476-5339","960-1528","福島県いわき市錦町中迎3-3-5","有限会社みのり","4203966104078463","04/24","059219015733"
"酒井 真一","さかい しんいち",67,"1955年03月13日","男","B","sakai313@example.jp","045-480-1057","070-7991-7185","259-2317","神奈川県藤沢市鵠沼桜が岡1-5-18","","3547725869227443","07/27","789562879075"
"真田 久美子","さなだ くみこ",28,"1994年08月23日","女","A","sanadakumiko@example.org","0224-95-4185","090-7877-0877","980-7169","宮城県仙台市青葉区一番町1-2-10","有限会社柏屋","4171688232520947","01/23","567260911910"
"田部井 文子","たべい あやこ",74,"1948年10月08日","女","A","tabei_108@example.net","043-067-1823","090-4813-3643","273-0687","千葉県千葉市稲毛区天台4-1-5","","5363131609985364","07/27","969843012753"
"長谷川 圭祐","はせがわ けいすけ",55,"1967年11月19日","男","A","keisukehasegawa@example.ne.jp","03-3385-9656","080-6980-5555","175-7154","東京都新宿区北新宿4-2-8アリスト515","","3585002112665669","10/25","796579002432"
"村松 一宏","むらまつ かずひろ",24,"1998年11月11日","男","O","muramatsu_kazuhiro@example.net","0257-14-6863","090-5072-1391","950-0387","新潟県新潟市中央区米山2-2-17ロイヤルメゾン710","株式会社よつば","378941697353075","08/27","165413070871"
"柳川 秀","やながわ ひで",39,"1983年06月28日","男","A","hideyanagawa@example.co.jp","082-008-2797","070-7674-8989","722-8340","広島県広島市西区高須台1-1-6","有限会社英","5141372719297337","01/24","066635764164"
"早川 美沙","はやかわ みさ",43,"1979年01月17日","女","O","misahayakawa@example.com","03-4955-6358","070-6599-3059","141-1794","東京都台東区千束2-1-16","小林工業株式会社","3572060061759938","11/26","261800053224"
"瀧 千文","たき ちふみ",40,"1982年05月22日","女","A","chifumi_taki@example.co.jp","0463-81-3155","090-3771-9513","243-6638","神奈川県相模原市中央区相生1-1-10","株式会社モリタ","4857055751676594","05/24","597674632483"
"舟山 直哉","ふなやま なおや",48,"1974年06月12日","男","A","funayama612@example.net","06-5633-0046","090-2871-7010","577-9885","大阪府大阪市東住吉区住道矢田1-2-11","株式会社グッドライフ","370796556032626","09/26","238868590242"
"吉田 なつみ","よしだ なつみ",44,"1978年01月20日","女","A","natsumiyoshida@example.jp","03-9518-0783","090-5176-8002","128-3334","東京都立川市若葉町1-2-5パストラル709","株式会社和興","5509866539038249","08/25","674227939274"
"藤本 奏","ふじもと かなで",66,"1956年10月01日","男","A","fujimoto_101@example.jp","03-3440-3652","050-6139-8153","208-3600","東京都港区新橋1-5-6","","376987934165006","08/27","719057550940"
"西川 稔","にしかわ みのる",66,"1956年05月06日","男","A","nishikawa56@example.ne.jp","0799-04-6230","070-3491-2747","655-2091","兵庫県神戸市灘区岩屋北町3-2-5グリーンコーポ503","","376364696916705","07/26","789469352407"
"竹浪 容子","たけなみ ひろこ",45,"1977年09月14日","女","A","takenami_914@example.jp","0478-24-7700","090-2798-4255","291-7859","千葉県市川市八幡1-3-5","株式会社大徳","4725898844310824","02/23","387550549168"
"田中 直子","たなか なおこ",38,"1984年09月04日","女","A","tanaka_94@example.org","0466-71-1869","080-4465-5959","220-1642","神奈川県横浜市神奈川区西寺尾2-3-5","有限会社朝日商事","5540259766511982","10/25","352017966085"
"堤 岳","つつみ たけし",65,"1957年08月15日","男","B","tsutsumi_815@example.co.jp","03-6543-1706","070-4976-8435","126-2817","東京都新宿区百人町3-2-4シャトード707","","5437340282883158","12/23","059675170155"
"馬場 恒徳","ばば ひさのり",73,"1949年05月11日","男","A","hisanoribaba@example.ne.jp","03-0270-7949","050-4816-6600","130-5730","東京都中央区日本橋本町1-2-8","","4702023140482857","10/26","650272304542"
"高木 達典","たかぎ たつのり",55,"1967年01月23日","男","A","takagitatsunori@example.com","03-4273-5345","070-5171-8394","126-3340","東京都港区芝公園3-4-9","株式会社ダイシン","374627912126313","06/26","591353784712"
"徳本 瞳","とくもと ひとみ",79,"1943年08月23日","女","A","tokumoto_823@example.net","01547-7-1068","070-0417-3465","074-8588","北海道札幌市中央区宮の森一条1-3-11","","375383763986384","08/27","531883989908"
"秋山 桂子","あきやま けいこ",77,"1945年05月02日","女","B","akiyama52@example.com","0564-75-5526","070-7749-5407","490-3862","愛知県豊田市山之手1-4-7フラット716","","3589762962866693","05/26","578072327308"
"川端 邦宏","かわばた くにひろ",59,"1963年05月10日","男","A","kunihiro_kawabata@example.org","03-4663-0782","080-0680-6347","158-8011","東京都台東区台東3-1-1204","","5208343309184896","10/25","522460733932"
"今吉 敏生","いまよし としお",72,"1950年07月18日","男","A","imayoshitoshio@example.net","03-6182-5900","090-5888-6013","134-1870","東京都豊島区千早1-5-107","","376712572029029","02/25","663941649229"
"村田 裕子","むらた ゆうこ",23,"1999年04月12日","女","A","muratayuuko@example.net","0847-90-5693","050-4210-1525","738-0639","広島県廿日市市沖塩屋2-4-1108","株式会社木村組","4003103858601769","05/25","646406660513"
"天野 浩和","あまの ひろかず",45,"1977年12月07日","男","O","hirokazu_amano@example.co.jp","01457-0-7803","050-7536-4059","042-8303","北海道札幌市中央区北二条東2-4-18デュアル714","株式会社昇栄","3550837795147878","02/26","483271509171"
"坂田 泰宏","さかた やすひろ",72,"1950年07月24日","男","A","sakatayasuhiro@example.com","03-5177-8552","050-9493-8340","110-4611","東京都西多摩郡瑞穂町長岡2-4-7","","372817355086973","12/23","693535192800"
"浦野 しずか","うらの しずか",68,"1954年09月19日","女","O","urano919@example.co.jp","03-6202-4354","080-3621-1460","138-6732","東京都中野区中野1-2-6","","4320838714782917","09/23","968892049283"
"瀬戸 佐和子","せと さわこ",57,"1965年06月03日","女","AB","seto_sawako@example.co.jp","03-1631-2097","090-6240-2217","176-7062","東京都世田谷区若林2-1-3プラウドシティ509","株式会社豊栄","5432721074181288","09/23","355599930747"
"藤野 英雄","ふじの ひでお",35,"1987年04月06日","男","AB","hideofujino@example.jp","0467-05-8120","080-3403-9677","257-0495","神奈川県座間市入谷東3-1-22","株式会社マルイ","5515022595379711","03/23","508740987333"
"池田 直子","いけだ なおこ",48,"1974年12月29日","女","AB","naokoikeda@example.co.jp","04-5744-1202","070-4650-0982","288-7007","千葉県柏市布施新町2-1-4","株式会社レーベン","376122266718210","12/26","407773632360"
"杉山 尚宏","すぎやま なおひろ",52,"1970年05月17日","男","O","naohiro_sugiyama@example.co.jp","083-047-0254","090-6384-7260","742-2512","山口県山口市小郡新町2-2-10","株式会社ライトスタッフ","4074631837117089","11/23","001150096908"
"水谷 義和","みずたに よしかず",23,"1999年06月29日","男","A","mizutani629@example.jp","06-6030-7235","050-5908-6720","563-9793","大阪府八尾市南亀井町2-3-8プレジデント414","株式会社アイテック","3545162084836505","04/24","845238287731"
"小河 正昭","おがわ まさあき",79,"1943年11月30日","男","A","ogawa_masaaki@example.net","03-4186-5273","050-9337-7607","121-9888","東京都江東区豊洲2-1-17","","3540810380638257","05/25","976160684043"
"水谷 春菜","みずたに はるな",35,"1987年04月02日","女","B","mizutani42@example.net","03-5570-9395","050-9592-6295","141-5480","東京都大田区大森南2-3-13","","5445911098029788","09/23","235870736697"
"浅井 隆介","あさい りゅうすけ",29,"1993年08月07日","男","O","ryuusuke_asai@example.com","03-8385-7751","050-3974-5847","131-6419","東京都墨田区向島2-4-108ユニライフ503","有限会社ハラダ","4705916461765429","04/23","104302015244"
"山崎 洋志","やまざき ひろし",28,"1994年05月05日","男","O","yamazaki_hiroshi@example.com","06-5042-9149","070-4854-4451","565-2163","大阪府箕面市坊島1-5-9","株式会社アンジュ","4673651426497572","12/23","970405517905"
"井口 恵子","いぐち けいこ",75,"1947年10月28日","その他・不明","A","keikoiguchi@example.org","0537-80-6157","080-8033-6336","419-4129","静岡県伊東市広野2-3-18","","5140490631027532","05/27","106732358164"
"木村 保雄","きむら やすお",44,"1978年02月27日","男","A","yasuo_kimura@example.jp","03-4980-0055","070-8331-0288","157-1729","東京都台東区浅草橋1-4-3シャトー510","株式会社トミタ","378255742498441","10/24","298494743964"
"佐藤 良介","さとう りょうすけ",34,"1988年12月01日","男","B","sato121@example.net","01558-1-0372","070-8490-3505","073-8443","北海道北広島市大曲光1-3-7","株式会社タイキ","4805072118876968","01/23","420399810328"
"石川 あき","いしかわ あき",21,"2001年10月28日","女","A","ishikawa1028@example.org","0495-37-2774","070-0965-2924","335-3293","埼玉県さいたま市南区松本1-3-8","株式会社富士","372057812450559","06/23","902981364531"
"野村 可奈","のむら かな",36,"1986年01月19日","女","A","nomura119@example.net","0735-83-6012","080-5591-4022","640-3467","和歌山県和歌山市砂山南3-1-6","有限会社朝日","375738762372185","10/25","358578547730"
"町田 広大","まちだ こうだい",77,"1945年01月28日","男","B","machida128@example.co.jp","0581-32-0703","050-7970-3744","502-9137","岐阜県各務原市蘇原六軒町2-2-4","","3589605926097287","06/26","443133491863"
"長根 謙一","ながね けんいち",31,"1991年07月18日","男","O","nagane_718@example.ne.jp","03-8623-6939","050-9702-4550","120-6707","東京都中央区八丁堀2-3-403グランドメゾン203","有限会社ジュピター","379379401056891","04/26","805792396753"
"神田 健太","かんだ けんた",80,"1942年12月18日","その他・不明","O","kenta_kanda@example.org","052-871-1299","090-5673-9258","472-6638","愛知県名古屋市中村区名駅南2-2-10","","373110522381173","05/23","030132752024"
"上村 聡","うえむら あきら",45,"1977年04月10日","男","AB","uemura410@example.org","06-6972-0878","070-7675-5104","595-1526","大阪府大阪狭山市今熊3-3-6","株式会社タケダ","5454438452902226","03/26","814467123472"
"山本 耕太","やまもと こうた",46,"1976年01月11日","男","B","yamamoto_111@example.com","03-7461-6728","090-9602-9500","198-6183","東京都新宿区下落合3-5-5","株式会社オーブ","4077363798879955","12/27","522161567635"
"溝口 弘康","みぞぐち ひろやす",21,"2001年07月06日","男","O","hiroyasu_mizoguchi@example.co.jp","0848-40-0784","050-3860-2115","739-7920","広島県福山市曙町2-5-21リッツハウス105","有限会社ウェーブ","3541176754027819","08/25","445622616817"
"高田 浩之","たかだ ひろゆき",59,"1963年03月04日","男","B","takada_34@example.jp","06-5420-0601","090-6216-8519","583-6940","大阪府大阪市阿倍野区文の里3-4-20","","3559028345187520","12/23","184636320408"
"曽我 智恵子","そが ちえこ",74,"1948年03月02日","女","A","chieko_soga@example.ne.jp","0550-23-1593","050-2224-7073","412-9374","静岡県静岡市葵区大岩1-3-704","","5171332296764664","10/24","054040205996"
"奈良 小百合","なら さゆり",66,"1957年01月04日","女","O","sayuri_nara@example.ne.jp","03-8881-5288","090-2184-2129","190-8220","東京都千代田区九段南1-1-10","","3539329598101951","02/26","518005968711"
"菅原 智子","すがわら ともこ",38,"1984年11月28日","女","O","sugawara_tomoko@example.com","0282-51-3063","050-3379-3424","329-1404","栃木県鹿沼市西茂呂1-3-16","株式会社アスカ","5490721104523276","06/27","730915630497"
"菅原 一裕","すがわら かずひろ",33,"1989年01月21日","男","B","sugawarakazuhiro@example.com","052-817-6412","050-4182-2487","442-5022","愛知県名古屋市中村区豊国通2-2-5リーガル710","株式会社タイコー","4178288636946237","01/26","912409182533"
"飯野 文彦","いいの ふみひこ",68,"1954年02月08日","男","AB","iino28@example.org","06-6429-1298","090-7158-9127","545-0683","大阪府吹田市千里山西2-5-21","","5231618250443347","09/25","842243160708"
"渡邊 周二","わたなべ しゅうじ",59,"1963年04月21日","男","A","watanabeshuuji@example.net","03-7409-5635","080-2821-3104","102-1225","東京都品川区大崎2-1-9","有限会社松本製作所","5236722404182085","11/25","471742626019"
"竹内 雪絵","たけうち ゆきえ",33,"1989年11月15日","女","A","takeuchi_yukie@example.ne.jp","0480-02-9917","080-7381-9988","357-8075","埼玉県八潮市八潮3-3-6パークナード605","","379223784544943","12/27","578650485590"
"山根 俊洋","やまね としひろ",71,"1951年12月02日","男","AB","yamane_122@example.net","03-9024-3117","050-9949-3942","119-6207","東京都品川区小山2-1-11","","4020213297866839","04/23","427843671954"
"日野原 梨花","ひのはら りか",22,"2000年05月08日","その他・不明","O","hinohara_58@example.net","0848-95-8941","080-9399-8614","730-6205","広島県広島市安佐北区亀崎1-2-7","有限会社山田工務店","4916609575970259","07/26","979497050762"
"野口 渉","のぐち わたる",68,"1954年12月18日","男","A","noguchi_1218@example.co.jp","0798-90-9899","090-2796-4621","662-5692","兵庫県神戸市須磨区稲葉町1-4-19","","371591507231446","12/26","038609249282"
"神山 秀雄","かみやま ひでお",69,"1953年04月17日","男","O","hideokamiyama@example.org","0478-46-9945","080-3527-3437","288-9948","千葉県松戸市古ケ崎3-3-6","","3548243378148885","01/24","699252064129"
"荒木 慎一","あらき しんいち",41,"1981年10月25日","男","A","araki1025@example.net","0837-15-2081","090-8224-4771","753-0943","山口県下関市竹崎町2-1-4","株式会社スクエア","372741893220672","07/27","247581484963"
"小川 友樹","おがわ ゆうき",66,"1956年09月02日","男","O","ogawa_yuuki@example.com","03-4546-5995","090-0500-7681","166-8220","東京都港区六本木1-2-19","","378606420947788","04/26","299094516949"
"堀田 景子","ほった けいこ",21,"2001年01月08日","女","O","keiko_hotta@example.jp","0837-36-3381","070-3334-2853","756-8406","山口県下関市大学町3-5-22","有限会社森建設","3531214666037923","03/24","348615431598"
"後藤 亮","ごとう りょう",29,"1993年03月29日","男","A","goto_ryou@example.net","0532-44-9443","070-4651-5567","492-7982","愛知県名古屋市中区栄4-2-3","有限会社木村商事","377168281966077","05/24","829908886580"
"栗本 麻紀","くりもと まき",22,"2000年08月15日","女","A","makikurimoto@example.ne.jp","03-6599-9470","090-5584-6158","102-3844","東京都世田谷区喜多見2-1-6","株式会社エムズコーポレーション","378793948116243","12/26","144675538583"
"高山 英明","たかやま ひであき",51,"1971年04月23日","男","A","hideakitakayama@example.jp","03-3192-5797","090-7726-8095","138-7619","東京都文京区本駒込3-4-20クレアヒルズ211","株式会社ハーモニー","376808897427128","12/26","666302034891"
"高橋 亜衣","たかはし あい",32,"1990年03月17日","女","B","takahashi_317@example.com","03-7598-8253","050-0620-3291","154-8270","東京都新宿区北新宿4-3-6","有限会社かどや","3538367902641628","06/23","838237310059"
"志村 真由美","しむら まゆみ",21,"2001年07月20日","女","A","shimura_720@example.org","0539-81-5007","090-5561-4912","431-0310","静岡県静岡市駿河区用宗1-1-10","有限会社モア","379285268608585","04/27","243414442463"
"小松 和裕","こまつ かずひろ",20,"2002年11月02日","男","B","kazuhirokomatsu@example.com","03-2951-7022","050-6934-6254","131-1040","東京都足立区舎人4-2-5","株式会社コジマ","4737914498850357","04/25","950472152414"
"鈴木 昌志","すずき まさし",45,"1977年01月16日","男","A","masashisuzuki@example.jp","0894-52-0668","080-2655-2565","796-0681","愛媛県松山市古三津1-3-14","株式会社ヤマキ","375183464693788","07/24","877280859833"
"篠原 琢磨","しのはら たくま",69,"1953年12月29日","男","A","shinohara_1229@example.co.jp","093-693-8838","070-2814-8958","832-4553","福岡県福岡市南区野多目4-1-3","","5337992753111385","07/26","387579947529"
"岩坪 貴之","いわつぼ たかゆき",67,"1955年04月23日","男","O","iwatsubo423@example.ne.jp","0475-88-7692","080-8242-5112","260-4708","千葉県市原市惣社2-4-21ラクシア807","","4924995258817291","02/26","503156782299"
"古川 美樹","ふるかわ みき",36,"1986年11月17日","女","A","furukawamiki@example.com","01372-7-9012","070-2596-7461","071-1315","北海道帯広市西一条南2-3-13セントラル710","株式会社ドリーム","3581886109008949","08/23","105585248882"
"北島 加那子","きたじま かなこ",73,"1949年01月23日","女","O","kitajima123@example.ne.jp","0258-30-9074","050-9181-9963","953-0742","新潟県新潟市西区流通センター3-2-6エンゼルクレッセ613","","3558349193754521","09/23","664581846342"
"西内 隆","にしうち たかし",22,"2000年01月10日","男","B","nishiuchitakashi@example.org","0224-97-6382","050-3386-1439","987-3677","宮城県石巻市中里2-2-22","有限会社大黒屋","3556481694074109","12/25","320684673836"
"大浦 学","おおうら まなぶ",25,"1997年04月17日","男","O","oura417@example.jp","0774-84-9446","090-3583-5843","629-0660","京都府長岡京市今里1-3-5","株式会社ネクスト","3547227511941646","05/23","448511080160"
"林 芙美子","はやし ふみこ",33,"1989年02月04日","女","A","hayashi_fumiko@example.ne.jp","0897-74-2531","050-7296-7945","793-1781","愛媛県松山市山越4-3-6","有限会社コーシン","5265497887498910","06/25","193667136485"
"石川 由実","いしかわ ゆみ",37,"1985年07月07日","女","A","ishikawayumi@example.com","0587-44-1721","070-7163-5906","492-8548","愛知県名古屋市昭和区南分町2-2-1006アーバンヴィレッジ610","有限会社ステップ","5555383599667639","05/23","590904215580"
"水谷 吉彦","みずたに よしひこ",48,"1974年06月15日","男","A","mizutani_615@example.org","03-4953-7065","070-4143-1945","112-8007","東京都港区高輪3-3-6","株式会社HERO","4205356774849799","02/24","623090152936"
"森口 敦","もりぐち あつし",28,"1994年03月26日","男","B","moriguchiatsushi@example.com","03-9949-6778","050-2943-6014","161-9288","東京都品川区上大崎1-1-10","株式会社アライ","372089166573371","09/23","853515910401"
"並木 順子","なみき じゅんこ",23,"1999年06月29日","女","O","namikijunko@example.net","03-8603-7662","080-9123-2144","131-1391","東京都葛飾区東金町2-2-4","アクト株式会社","5345403727053158","11/26","399461964109"
"矢野 一成","やの いっせい",79,"1943年05月02日","男","A","issei_yano@example.ne.jp","03-5461-6088","090-9491-4183","158-9935","東京都荒川区東尾久4-3-10サニーハウス702","","3537383287269662","02/24","042312389201"
"阿部 美喜子","あべ みきこ",59,"1963年03月19日","女","B","abe319@example.jp","0568-60-4071","050-6742-5560","484-4316","愛知県名古屋市中村区平池町2-2-17","","4491941569856324","06/26","320544963745"
"後藤 浩樹","ごとう ひろき",26,"1996年10月24日","男","A","goto_1024@example.net","0438-37-4587","080-3515-4462","293-8153","千葉県君津市外箕輪1-4-1105ロイヤルコート704","有限会社佐藤組","370549604207389","07/26","257995569419"
